task,classifier,validation_strategy,fold_count,accuracy,balanced_accuracy,macro_precision,macro_recall,macro_f1,accuracy_mean,accuracy_std,balanced_accuracy_mean,balanced_accuracy_std,macro_precision_mean,macro_precision_std,macro_recall_mean,macro_recall_std,macro_f1_mean,macro_f1_std
2class,lda,within_subject_5fold,30,0.5458333333333333,0.5458333333333334,0.5459130434782609,0.5458333333333334,0.545636126791142,0.5458333333333333,0.1975984283563229,0.5458333333333333,0.1975984283563229,0.5445238095238095,0.23071510475389864,0.5458333333333333,0.1975984283563229,0.5260365560365561,0.20699116643701787
