task,classifier,validation_strategy,fold_count,accuracy,balanced_accuracy,macro_precision,macro_recall,macro_f1,accuracy_mean,accuracy_std,balanced_accuracy_mean,balanced_accuracy_std,macro_precision_mean,macro_precision_std,macro_recall_mean,macro_recall_std,macro_f1_mean,macro_f1_std
2class,lda,within_subject_5fold,30,0.48333333333333334,0.4833333333333333,0.48332870241733816,0.4833333333333333,0.4832974512118897,0.48333333333333334,0.18465433171800283,0.48333333333333334,0.18465433171800283,0.48722222222222217,0.2278904234484663,0.48333333333333334,0.18465433171800283,0.4627152477152477,0.18928282013249434
